fid,y,x,tree_id,species,health,notes
1,42.47522019,-76.48464728,1,Crabapple,3,
2,42.47527805,-76.48453039,2,River Birch,3,
3,42.47530121,-76.48455451,3,River Birch,3,
4,42.47561736,-76.48460315,4,Redbud,2,
5,42.47570704,-76.48463355,5,Redbud,4,
6,42.47575188,-76.48466699,6,Dogwood,4,
7,42.47579448,-76.48468219,7,Redbud,3,
8,42.476299,-76.48486261,8,Wisteria,5,Chinese. Cluster
9,42.47638068,-76.48483031,9,Redbud,4,
10,42.47660613,-76.48474603,10,Dogwood,2,
11,42.47664612,-76.4848057,11,River Birch,5,
12,42.4768976,-76.48479163,12,Fringe Tree,3,
13,42.4768394,-76.48469631,13,White Spruce,5,
14,42.47676756,-76.48455147,14,Norway Spruce,4,Cluster 6
15,42.47670478,-76.48460923,15,Norway Spruce,5,Cluster 8
16,42.47640563,-76.48457038,16,Gray Birch,2,
17,42.47634867,-76.48456616,17,Serviceberry,4,Canadian
18,42.47634275,-76.48453676,18,Serviceberry,4,Canadian
19,42.47645808,-76.48445523,19,Gray Birch,4,
20,42.47641471,-76.48432025,20,Serviceberry,3,Downy
21,42.47641471,-76.48428817,21,Serviceberry,3,Downy
22,42.47642555,-76.48427214,22,Serviceberry,3,Downy
23,42.47656947,-76.48426011,23,Gray Birch,4,
24,42.47657693,-76.48430276,24,Gray Birch,4,
25,42.47684603,-76.4841654,25,Crabapple,2,
26,42.47663705,-76.48401361,26,Magnolia,5,
27,42.47666995,-76.48398747,27,Witch hazel,5,Cluster
28,42.47671646,-76.48389826,28,Crabapple,5,Sprayed
29,42.47665747,-76.48381982,29,Crabapple,5,Sprayed. Dark red leaf
30,42.47660302,-76.48390595,30,River Birch,5,
31,42.47657806,-76.48394748,31,Witch hazel,5,
32,42.47654743,-76.48391518,32,River Birch,5,
33,42.47650773,-76.48387673,33,Black Gum,5,
34,42.47652248,-76.48369832,34,Crabapple,4,Sprayed
35,42.47659167,-76.48372908,35,Crabapple,5,Sprayed. Dark red leaf
36,42.47679909,-76.48366948,36,Swamp Oak,5,
37,42.47675529,-76.48360177,37,Swamp Oak,5,
38,42.47671411,-76.48355426,38,Swamp Oak,5,
39,42.47666943,-76.48351031,39,Redbud,5,
40,42.47664051,-76.48347823,40,American Sycamore,3,
41,42.4770388,-76.48219569,41,American Sycamore,2,Severe Anthracnose
42,42.4769819,-76.48215455,42,American Sycamore,2,Severe Anthracnose
43,42.4770902,-76.48206842,43,Honey Locust,4,
44,42.47702043,-76.48205828,44,American Sycamore,3,"Older tree,  Anthracnose"
45,42.47692824,-76.48205491,45,American Sycamore,2,Planted 2024
46,42.47680365,-76.48204815,46,Swamp Oak,5,
47,42.4766691,-76.48204477,47,Northern Red Oak,5,
48,42.47644874,-76.4833338,48,Sugar Maple,5,
49,42.47645895,-76.48364449,49,Crabapple,4,Sprayed
50,42.47636139,-76.4836368,50,Honey Locust,4,
51,42.4763319,-76.48375984,51,Black Gum,4,
52,42.47622186,-76.48371216,52,Honeysuckle,5,Bush
53,42.47621052,-76.48376599,53,Viburnum,5,Arrowood
54,42.47613679,-76.48373215,54,Japanese Lilac Tree,5,
55,42.47609141,-76.48376445,55,Bradford Pear,2,
56,42.47599839,-76.48378291,56,Bradford Pear,4,
57,42.47597343,-76.48388442,57,Red Maple,5,Fletcher
58,42.47590991,-76.48382751,58,Bradford Pear,5,
59,42.47585092,-76.4838998,59,Bradford Pear,4,
60,42.47588155,-76.48398747,60,Honey Locust,5,
61,42.47582021,-76.48402726,61,Japanese Lilac Tree,5,
62,42.47585658,-76.48416477,62,Bradford Pear,5,
63,42.47596095,-76.48435967,63,Redbud,5,
64,42.47596776,-76.48445964,64,Redbud,5,
65,42.47577945,-76.48445349,65,River Birch,5,
66,42.47574088,-76.4844135,66,River Birch,5,
67,42.47561511,-76.48436604,67,Redbud,4,
68,42.47557866,-76.4841828,68,Japanese Lilac Tree,5,
69,42.47557526,-76.48413358,69,Japanese Lilac Tree,5,
70,42.47557299,-76.48405514,70,Japanese Lilac Tree,5,
71,42.47559114,-76.48387673,71,Japanese Lilac Tree,5,
72,42.47565964,-76.48368523,72,Bradford Pear,4,
73,42.47572243,-76.48360348,73,Bradford Pear,3,
74,42.47571593,-76.48352298,74,Red Oak,5,
75,42.47579042,-76.48353267,75,Bradford Pear,3,
76,42.47582596,-76.48343224,76,Sugar Maple,5,
77,42.47586729,-76.48348324,77,Bradford Pear,3,
78,42.475954,-76.48345786,78,Bradford Pear,3,
79,42.47603086,-76.48344583,79,Bradford Pear,2,
80,42.47593486,-76.48334303,80,Crabapple,4,
81,42.47584752,-76.48331689,81,Crabapple,4,
82,42.47578172,-76.48325383,82,Crabapple,4,
83,42.47570928,-76.48338718,83,Red Maple,5,
84,42.47558774,-76.48336918,84,Black Gum,4,
85,42.47553669,-76.48339994,85,Black Gum,3,
86,42.47549538,-76.48341926,86,Redbud,4,
87,42.47547657,-76.48347684,87,Redbud,2,
88,42.47546069,-76.48340609,88,Redbud,4,
89,42.47554917,-76.48335687,89,Red Maple,3,
90,42.4756195,-76.48317385,90,Crabapple,4,
91,42.47552648,-76.48315693,91,Crabapple,4,Hall - darker red leaf
92,42.47544254,-76.48309541,92,Crabapple,5,Hall - darker red leaf
93,42.4753654,-76.4830908,93,Crabapple,5,Hall - darker red leaf
94,42.47528826,-76.48306003,94,Crabapple,3,
95,42.47520658,-76.4830708,95,Crabapple,5,
96,42.47512944,-76.48305388,96,Crabapple,3,
97,42.4750194,-76.48290469,97,River Birch,4,
98,42.47497629,-76.48287547,98,River Birch,2,
99,42.47504486,-76.48288812,99,Serviceberry,4,
100,42.47505983,-76.48287341,100,Autumn Olive,5,
101,42.47508406,-76.4828647,101,Autumn Olive,5,
102,42.47513625,-76.48284471,102,Autumn Olive,5,
103,42.47519977,-76.48283087,103,Autumn Olive,5,
104,42.47522742,-76.48282944,104,Serviceberry,5,
105,42.47524515,-76.48282933,105,Autumn Olive,2,
106,42.47535519,-76.48283394,106,Autumn Olive,5,
107,42.47543119,-76.4827309,107,Norway Maple,5,
108,42.47535278,-76.48237793,108,Norway Spruce,5,
109,42.47516444,-76.48232017,109,Norway Spruce,5,
110,42.4751039,-76.48231409,110,Norway Spruce,5,
111,42.47507158,-76.48232332,111,White Pine,3,
112,42.47501486,-76.4823187,112,White Pine,5,
113,42.47499205,-76.48220241,113,Norway Spruce,5,
114,42.47503602,-76.48217819,114,White Pine,3,
115,42.47498877,-76.48213875,115,Norway Spruce,5,
116,42.47488554,-76.48209107,116,Norway Spruce,4,
117,42.47485951,-76.4821013,117,Norway Spruce,5,
118,42.47487745,-76.48213778,118,Norway Spruce,5,
119,42.47466433,-76.48229717,119,Norway Spruce,5,
120,42.47485605,-76.48267091,120,River Birch,5,
121,42.47485264,-76.48285855,121,River Birrch,4,
122,42.47486172,-76.48297544,122,River Birch,4,
123,42.47481407,-76.48307695,123,Serviceberry,3,
124,42.47478685,-76.48309541,124,Serviceberry,5,
125,42.47477097,-76.48312771,125,Serviceberry,4,
126,42.47506066,-76.48333118,126,Ash,4,White
127,42.47524401,-76.48322768,127,Silver Maple,3,John B.  Rogers
128,42.4752304,-76.48334611,128,Norway Spruce,5,
129,42.47528712,-76.48336303,129,Norway Spruce,5,
130,42.47524061,-76.48340917,130,Norway Spruce,5,
131,42.47518162,-76.48350453,131,River Birch,2,
132,42.47521906,-76.48353375,132,River Birch,2,
133,42.47517708,-76.48356605,133,River Birch,2,
134,42.47504096,-76.48371985,134,Black Gum,5,
135,42.47503528,-76.48383366,135,Black Gum,3,
136,42.47500579,-76.48397516,136,Red Maple,5,
137,42.47494793,-76.48407206,137,Littleleaf Linden,5,
138,42.47491957,-76.48410897,138,Littleleaf Linden,4,
139,42.47509881,-76.48408283,139,Black Gum,4,
140,42.47514202,-76.48400733,140,Dogwood,3,
141,42.47518389,-76.48400746,141,Cypress,5,Monterrey
142,42.4751544,-76.48409667,142,Black Gum,5,
143,42.47519583,-76.484135,143,Black Gum,3,
144,42.47523619,-76.48420796,144,Common Lilac,5,Common
145,42.47515667,-76.48427662,145,Redbud,3,
146,42.47518503,-76.4843566,146,Redbud,2,
147,42.47511287,-76.48433868,147,Crabapple,4,
148,42.47511287,-76.48425052,148,Crabapple,5,
149,42.47503415,-76.48426893,149,Silver Maple,5,
150,42.47491844,-76.48442888,150,Blue Spruce,5,
151,42.47480159,-76.48439505,151,Dogwood,4,
152,42.47474964,-76.48440561,152,Crabapple,3,
153,42.47455883,-76.48439658,153,Norway Spruce,5,
154,42.47425248,-76.48448855,154,Sweet Gum,2,Just leafing out. Planted 2024
155,42.47459493,-76.48452112,155,Crabapple,3,
156,42.47464875,-76.48458192,156,Japanese Red Maple,5,
157,42.47460761,-76.48462114,157,Crabapple,3,
158,42.47465099,-76.48462144,158,Birds Nest Spruce,5,
159,42.47483676,-76.48482416,159,Dogwood,5,
160,42.47491504,-76.48486568,160,Dogwood,5,
161,42.47481748,-76.48967973,161,Pin Oak,5,Gertrude Plumky
162,42.47470177,-76.48963051,162,Silver Maple,5,Chris Carlisle
163,42.47452625,-76.48960128,163,Gingko,5,
164,42.47427863,-76.48954899,164,American Sycamore,4,
165,42.47421312,-76.48960581,165,American Sycamore,3,
166,42.47414477,-76.48952746,166,Hawthorn,4,Cockspur
167,42.47412321,-76.48953976,167,Hawthorn,4,Cockspur
168,42.47410166,-76.48951516,168,Hawthorn,4,Cockspur
169,42.47403482,-76.48957106,169,Sweet Gum,5,
170,42.47398356,-76.48955142,170,Bradford Pear,2,Disease
171,42.47369159,-76.4894925,171,Swamp Oak,5,
172,42.47364813,-76.48947588,172,Swamp Oak,5,
173,42.47360133,-76.48945473,173,Swamp Oak,5,
174,42.47341634,-76.48936257,174,Honey Locust,5,
175,42.4732269,-76.48917674,175,Honey Locust,5,
176,42.47317142,-76.48906451,176,American Sycamore,2,
177,42.47305471,-76.48897624,177,American Sycamore,0,
178,42.47298182,-76.48886221,178,American Sycamore,0,
179,42.47288327,-76.48874153,179,Box Elder,5,
180,42.47274534,-76.48874829,180,Hawthorn,5,Cockspur
181,42.47272723,-76.48868473,181,Hawthorn,5,Cockspur
182,42.47259623,-76.48865055,182,Tamarack,4,Larch
183,42.47259755,-76.48875437,183,Red Maple,5,
184,42.47250027,-76.48869464,184,Burr Oak,4,
185,42.47251145,-76.48861187,185,Swamp Oak,5,
186,42.47247007,-76.48854814,186,Swamp Oak,5,
187,42.47252073,-76.488527,187,Red Maple,5,
188,42.47246298,-76.48840234,188,Quaking Aspen,5,
189,42.47244105,-76.48838479,189,Quaking Aspen,5,
190,42.4724323,-76.4883595,190,Quaking Aspen,5,
191,42.47241945,-76.4883303,191,Quaking Aspen,5,
192,42.47243028,-76.48829166,192,Quaking Aspen,5,
193,42.47245298,-76.48833845,193,Quaking Aspen,5,
194,42.47247363,-76.48836491,194,Quaking Aspen,5,
195,42.47252368,-76.48834038,195,Red Maple,5,
196,42.47263356,-76.48834387,196,Red Maple,5,
197,42.47267375,-76.48839834,197,Ash,4,New growth bush
198,42.47269581,-76.48845816,198,Box Elder,5,
199,42.47271235,-76.48851477,199,Pin Oak,4,
200,42.47268478,-76.48855109,200,Red Maple,5,
201,42.47281067,-76.4885462,201,Red Maple,3,Leaf disease
202,42.47278684,-76.48845545,202,Red Maple,4,
203,42.47276075,-76.48834779,203,Red Maple,5,Leaf disease
204,42.47265484,-76.48819326,204,Pin Oak,5,
205,42.47248118,-76.48821873,205,Burr Oak,4,
206,42.47243299,-76.48811191,206,Swamp Oak,5,
207,42.472378,-76.48800444,207,Swamp Oak,5,
208,42.47240728,-76.48795023,208,Hawthorn,5,Cockspur
209,42.47240014,-76.48789117,209,Swamp Oak,5,
210,42.47247678,-76.48787923,210,American Sycamore,5,
211,42.47251066,-76.48782476,211,Eastern Red Cedar,4,
212,42.47248781,-76.48771367,212,Hawthorn,5,Cockspur
213,42.47247127,-76.48765279,213,Hawthorn,5,Cockspur
214,42.47236558,-76.48763483,214,Burr Oak,5,
215,42.47242636,-76.48748829,215,Burr Oak,5,
216,42.47252858,-76.48752606,216,Box Elder,5,
217,42.47253244,-76.48754477,217,Box Elder,5,
218,42.47253114,-76.48763997,218,Common Hackberry,4,
219,42.47253745,-76.48767415,219,Common Hackberry,4,
220,42.47253567,-76.48769701,220,Ninebark,5,Bush
221,42.47258532,-76.4877312,221,Ash,5,New growth
222,42.47253981,-76.4877564,222,Box Elder,5,
223,42.47255143,-76.48779424,223,Ash,4,New growth bush
224,42.47256404,-76.487853,224,Ash,4,New growth bush
225,42.47254848,-76.4879038,225,Pin Oak,5,
226,42.47258059,-76.48790429,226,Ash,4,New growth bush
227,42.47259005,-76.48794168,227,Ash,4,New growth bush
228,42.47256502,-76.48799673,228,Red Maple,5,
229,42.47260441,-76.48802236,229,Box Elder,5,
230,42.47260896,-76.48804532,230,Ash,4,New growth bush
231,42.47262315,-76.48807844,231,Ash,4,New growth bush
232,42.4727097,-76.4879479,232,Littleleaf Linden,5,
233,42.4727029,-76.48786177,233,Littleleaf Linden,4,Leaf color problem
234,42.47277382,-76.48787615,234,White Fir,5,Edward Thompson
235,42.47277678,-76.48780393,235,Red Oak,3,Charles Wilcox
236,42.47269722,-76.4877618,236,Littleleaf Linden,4,
237,42.4727789,-76.48769413,237,Sugar Maple,5,Thomas Parks
238,42.47276756,-76.48758031,238,White Fir,4,Alice Eklund
239,42.47279138,-76.48747419,239,Silver Maple,5,
240,42.4727097,-76.48742189,240,Honey Locust,3,
241,42.47272218,-76.48733423,241,Honey Locust,3,
242,42.47272785,-76.48723579,242,Honey Locust,4,
243,42.47281747,-76.48723887,243,Sugar Maple,4,
244,42.47281478,-76.48736872,244,Tulip Tree,5,
245,42.47285481,-76.48735014,245,Smoke Tree,1,
246,42.4728776,-76.4872927,246,Smoke Tree,5,
247,42.47307726,-76.48735268,247,Red Maple,5,
248,42.47313852,-76.48731269,248,Blue Spruce,5,
249,42.47311697,-76.48721734,249,Blue Spruce,5,
250,42.47341778,-76.48721449,250,Dogwood,5,Pigoda
251,42.47347432,-76.48729116,251,Hawthorn,5,Cockspur
252,42.47357025,-76.48733001,252,Forsythia,5,
253,42.4735889,-76.48734653,253,Forsythia,5,
254,42.47360613,-76.48736953,254,Blue Spruce,5,
255,42.47370218,-76.48735745,255,Eastern Red Cedar,5,
256,42.47377352,-76.48737022,256,Japanese Lilac Tree,4,
257,42.47381919,-76.48754186,257,Crabapple,4,
258,42.47376814,-76.4876203,258,Crabapple,3,Dark red leaves
259,42.47368278,-76.4875466,259,White Spruce,3,
260,42.47367035,-76.48753162,260,White Spruce,2,
261,42.47357642,-76.48752187,261,Redbud,2,
262,42.47351516,-76.48764337,262,Honey Locust,5,
263,42.47343461,-76.48762953,263,Crabapple,3,
264,42.47331818,-76.48765707,264,Red Maple,5,
265,42.47307787,-76.4876889,265,Hawthorn,5,Cockspur
266,42.47306592,-76.48770797,266,Hawthorn,5,Cockspur
267,42.47299218,-76.4877741,267,Red Pine,1,
268,42.47313512,-76.48778948,268,River Birch,3,
269,42.47318387,-76.48781523,269,Plum,4,Could be a crabapple with dark red leaves
270,42.47322474,-76.48783101,270,White Spruce,3,
271,42.47328443,-76.48786635,271,Red Maple,5,
272,42.47343234,-76.48782332,272,Crabapple,2,
273,42.47345617,-76.48793252,273,Plum,4,Could be a crabapple with dark red leaves
274,42.47361312,-76.48801136,274,Japanese Lilac Tree,4,
275,42.4736577,-76.48791671,275,Common Lilac,4,NULL
276,42.47368527,-76.48783383,276,Japanese Red Maple,2,
277,42.47372162,-76.48775257,277,Common Lilac,3,
278,42.47373864,-76.48772796,278,Common Lilac,3,
279,42.47389986,-76.48790759,279,Hydrangea,5,Panicle. Planted in 2024
280,42.47390086,-76.48763414,280,Barberry,5,
281,42.47393909,-76.48747425,281,Arborvitae,5,Cluster
282,42.4739921,-76.48741966,282,Red Pine,4,
283,42.47405662,-76.4874119,283,Hawthorn,2,Cockspur
284,42.47407493,-76.48738728,284,Hawthorn,3,Cockspur
285,42.47411754,-76.48746342,285,Honey Locust,5,
286,42.47415446,-76.48737935,286,Norway Spruce,4,
287,42.47419888,-76.48739395,287,Norway Spruce,4,
288,42.47423388,-76.48739577,288,Norway Spruce,4,
289,42.47418811,-76.48749432,289,Norway Spruce,4,
290,42.4742185,-76.48751725,290,Norway Spruce,3,
291,42.47426728,-76.48755724,291,Norway Spruce,3,
292,42.47431493,-76.487608,292,Norway Spruce,2,
293,42.47436598,-76.48761415,293,Honey Locust,4,
294,42.47438733,-76.48765127,294,Silver Maple,4,
295,42.47441361,-76.48764652,295,Hawthorn,1,Cockspur
296,42.47444879,-76.48753878,296,Silver Maple,5,
297,42.47445194,-76.4874268,297,Bradford Pear,5,
298,42.47459919,-76.48739595,298,Arborvitae,4,
299,42.47460455,-76.48742865,299,Japanese Red Maple,5,
300,42.47461895,-76.48745419,300,Blue Spruce,5,
301,42.47466206,-76.48740959,301,White Spruce,4,
302,42.47461555,-76.48734192,302,Cornelian Cherry,5,
303,42.4746666,-76.48718965,303,Common Lilac,4,
304,42.47464362,-76.48717832,304,Barberry,5,
305,42.47468021,-76.48706815,305,Cornelian Cherry,5,
306,42.47470857,-76.48696048,306,Ninebark shrub,5,
307,42.47466206,-76.48697894,307,Cornelian Cherry,4,
308,42.47455089,-76.48700201,308,Japanese Lilac Tree,4,
309,42.47448021,-76.48696873,309,White Spruce,4,
310,42.47447213,-76.48698881,310,White Spruce,4,
311,42.4744654,-76.48700888,311,Cypress,5,Sawara  Cluster 2
312,42.47445867,-76.48702896,312,Ninebark,5,Bush
313,42.47444521,-76.48703808,313,White Spruce,5,Cluster of 2
314,42.47450324,-76.48706199,314,Crabapple,4,
315,42.47448056,-76.48718965,315,White Pine,4,
316,42.47444425,-76.48723579,316,Red Maple,5,
317,42.47440682,-76.48728501,317,Littleleaf Linden,5,
318,42.47434896,-76.48723733,318,Silver Maple,5,
319,42.47427168,-76.48716835,319,Common Lilac,4,
320,42.47420376,-76.48712505,320,Plum,5,European
321,42.47414363,-76.48714659,321,White Pine,5,
322,42.47408177,-76.4872735,322,Hawthorn,3,Cockspur. Planted 2024
323,42.47405061,-76.48717889,323,Crabapple,3,
324,42.47408716,-76.4870837,324,Japanese Red Maple,5,
325,42.47409523,-76.4870545,325,Common Lilac,5,
326,42.4740885,-76.48701436,326,Burning Bush,5,Cluster of 3
327,42.47403359,-76.48695895,327,Redbud,4,
328,42.47394624,-76.487042,328,Crabapple,5,
329,42.47386102,-76.48710925,329,Common Lilac,4,
330,42.47385889,-76.48716658,330,Crabapple,4,
331,42.47382122,-76.48713676,331,Arborvitae,3,
332,42.47372616,-76.48710814,332,Honey Locust,5,
333,42.47370622,-76.48713115,333,Hawthorn,4,Cockspur
334,42.47366584,-76.48717678,334,White Spruce,5,
335,42.47361468,-76.48713298,335,Cornelian Cherry,4,
336,42.4736941,-76.48708735,336,Hawthorn,3,Cockspur
337,42.47370891,-76.4870472,337,Mugo Pine,3,Cluster of 3
338,42.47354692,-76.48678669,338,Burr Oak,5,
339,42.47346184,-76.48693895,339,Silver Maple,5,
340,42.47336201,-76.48688358,340,Amur Maple,5,
341,42.473286,-76.48693895,341,Amur Maple,5,
342,42.47314079,-76.48680668,342,White Spruce,3,
343,42.47306025,-76.48685128,343,Norway Spruce,5,
344,42.47296268,-76.48691281,344,Silver Maple,5,Jim Spero
345,42.47301147,-76.48698048,345,Sugar Maple,2,John Meyers
346,42.47297063,-76.48703431,346,Silver Maple,5,
347,42.47286397,-76.4871258,347,Sugar Maple,5,
348,42.47278004,-76.48709583,348,Pin Oak,5,Robert Bechhofer
349,42.47286853,-76.48700047,349,Northern Red Oak,5,Ruth Windmuller
350,42.47281407,-76.48694664,350,Northern Red Oak,5,John Windmuller
351,42.47283676,-76.48689127,351,Silver Maple,5,Thomas Eisner
352,42.47285945,-76.48683744,352,Northern Red Oak,5,Donald Hall
353,42.4729139,-76.48684206,353,Northern Red Oak,5,John Thompson
354,42.47285241,-76.48673401,354,Tulip Tree,5,
355,42.47257215,-76.48650029,355,Bradford Pear,5,
356,42.47252028,-76.4863973,356,Black Locust,3,
357,42.47183204,-76.48646964,357,Red Spruce,3,
358,42.47177196,-76.48637656,358,Norway Spruce,5,
359,42.47182775,-76.48632129,359,Red Spruce,2,
360,42.47177196,-76.48623111,360,Norway Spruce,3,
361,42.47181917,-76.48617293,361,Norway Spruce,5,
362,42.47181917,-76.48600712,362,Norway Spruce,5,
363,42.47176338,-76.48592277,363,Norway Spruce,3,
364,42.47181702,-76.48586459,364,Norway Spruce,3,
365,42.47181487,-76.48571623,365,White Spruce,2,
366,42.47181058,-76.48555915,366,Norway Spruce,5,
367,42.47175265,-76.48547188,367,Norway Spruce,5,
368,42.47174836,-76.48531189,368,Norway Spruce,4,
369,42.47174445,-76.48512883,369,Norway Spruce,5,
370,42.47178483,-76.485085,370,Norway Spruce,5,
371,42.471802,-76.48525953,371,Norway Spruce,5,
372,42.47180844,-76.48540498,372,Norway Spruce,5,
373,42.47253386,-76.48635296,373,Black Locust,5,
374,42.47262462,-76.48635142,374,Bradford Pear,3,
375,42.47273806,-76.48655291,375,Black Locust,4,Cluster
376,42.47286058,-76.48660212,376,Cottonwood,4,
377,42.47314293,-76.486672,377,Red Maple,5,Tom and Patty Davis memorial
378,42.47322134,-76.48668056,378,Amur Maple,1,
379,42.4732333,-76.48649087,379,Bradford Pear,3,Leaf spotting disease
380,42.47334272,-76.48646831,380,Silver Maple,5,Sophia Stillerm memorial
381,42.47338356,-76.48638834,381,Silver Maple,5,Manuel Stillerm memorial
382,42.47327155,-76.48635101,382,Bradford Pear,3,Leaf spotting disease
383,42.47334573,-76.48626458,383,Littleleaf Linden,5,
384,42.47352828,-76.48612472,384,Bradford Pear,3,
385,42.47353755,-76.48607758,385,Bradford Pear,4,
386,42.47355726,-76.48605087,386,Bradford Pear,4,
387,42.47366944,-76.48596999,387,Amur Maple,4,Poor Drainage
388,42.47365961,-76.48588667,388,Japanese Lilac Tree,2,
389,42.47376019,-76.48587771,389,Amur Maple,4,Poor Drainage
390,42.4736877,-76.48582319,390,Japanese Lilac Tree,1,Leaf problem
391,42.47372984,-76.48580098,391,Japanese Lilac Tree,3,
392,42.47387908,-76.48564228,392,Sweet Gum,2,Just leafing out
393,42.47388962,-76.4855788,393,American Sycamore,0,
394,42.47391771,-76.48556928,394,Sweet Gum,2,Just leafing out
395,42.47422985,-76.48546398,395,Ash,5,Green
396,42.4743535,-76.48537631,396,Ash,5,White. Ash borer?
397,42.47453274,-76.4855255,397,Red Pine,2,
398,42.47451913,-76.48560855,398,Redbud,5,
399,42.47463257,-76.48554857,399,Red Spruce,3,
400,42.47494453,-76.48532543,400,Bayberry,5,
401,42.47492184,-76.48527634,401,River Birch,5,
402,42.47494567,-76.48528837,402,Bayberry,5,
403,42.47496617,-76.48527602,403,Bayberry,5,
404,42.47494852,-76.48524205,404,River Birch,5,
405,42.47511469,-76.48512715,405,Red Oak,5,
406,42.4751975,-76.4852625,406,River Birch,5,
407,42.47518238,-76.48536014,407,Japanese Red Maple,5,
408,42.47525196,-76.48523943,408,Japanese Red Maple,4,
409,42.47531208,-76.48521636,409,Honey Locust,5,
410,42.47560135,-76.48535785,410,Amur Maple,5,
411,42.47562318,-76.48530273,411,Amur Maple,3,
412,42.47563657,-76.48528453,412,Amur Maple,5,
413,42.4756853,-76.48528864,413,Crabapple,5,
414,42.47580588,-76.48531153,414,Japanese Red Maple,4,
415,42.47582454,-76.48531853,415,Dogwood,4,Kousa
416,42.47583925,-76.48533035,416,Beauty Bush,5,
417,42.47578644,-76.48537185,417,Crabapple,5,
418,42.47567395,-76.48540707,418,Crabapple,5,
419,42.47562738,-76.48595424,419,Common Lilac,3,
420,42.47554475,-76.48592129,420,Common Lilac,3,
421,42.47552733,-76.48591031,421,Common Lilac,3,
422,42.47551356,-76.48589768,422,Common Lilac,3,
423,42.47548399,-76.48587571,423,Plum,4,Cherry? Need to check
424,42.47539758,-76.48582416,424,Redbud,5,
425,42.47539434,-76.4858661,425,River Birch,3,
426,42.4753722,-76.48590078,426,Redbud,4,
427,42.4753393,-76.48594077,427,Serviceberry,4,Canadian
428,42.4752599,-76.48591155,428,Japanese Weeping Cherry,3,Planted in 2024
429,42.47519183,-76.48610072,429,River Birch,3,
430,42.47509881,-76.48601459,430,Larch,3,
431,42.47514305,-76.48595,431,Red Maple,5,
432,42.47519245,-76.4859053,432,River Birch,5,
433,42.47515462,-76.48588977,433,Redbud,3,
434,42.47516334,-76.48582796,434,Blue Spruce,4,
435,42.475175,-76.48581018,435,Redbud,3,
436,42.47518503,-76.48580696,436,Eastern Red Cedar,3,
437,42.47519149,-76.4857806,437,Blue Spruce,4,
438,42.47519149,-76.4857595,438,Fringe Tree,3,
439,42.47521057,-76.48577583,439,Eastern Red Cedar,3,
440,42.47521339,-76.48576082,440,Red Maple,5,
441,42.47522663,-76.4857384,441,Eastern Red Cedar,3,
442,42.47527767,-76.48575036,442,Dogwood,4,Flowering
443,42.47524258,-76.48572259,443,Crabapple,3,
444,42.47521424,-76.48570849,444,Dogwood,3,Kousa
445,42.47507953,-76.48571314,445,Crabapple,3,
446,42.47503415,-76.48576082,446,Silver Maple,5,
447,42.47496495,-76.48572083,447,Crabapple,4,
448,42.47490596,-76.48566239,448,Catalpa,5,
449,42.47484357,-76.4857316,449,White Spruce,3,
450,42.47485832,-76.48586694,450,Burning Bush,5,
451,42.47480046,-76.48582388,451,Silver Maple,5,
452,42.4747151,-76.48575816,452,Silver Maple,5,
453,42.47461442,-76.48581311,453,Arborvitae,5,
454,42.47460874,-76.48588694,454,Japanese Red Maple,4,
455,42.47471084,-76.48589463,455,Apple,4,Pellar
456,42.47469156,-76.48601152,456,Blue Spruce,3,
457,42.47474147,-76.48605766,457,Serviceberry,4,
458,42.47467454,-76.48611457,458,Blue Spruce,1,
459,42.47462009,-76.48605305,459,White Spruce,3,
460,42.47461215,-76.4861361,460,White Spruce,2,
461,42.47457672,-76.48628976,461,Japanese Red Maple,5,
462,42.47440582,-76.48612631,462,Dogwood,5,Flowering
463,42.47431335,-76.48605172,463,Crabapple,3,
464,42.47433875,-76.48596384,464,Eastern Red Cedar,4,
465,42.47440001,-76.48588848,465,Crabapple,4,Siberian
466,42.47402565,-76.48584695,466,Norway Spruce,3,
467,42.47412829,-76.48597072,467,White Birch,2,
468,42.47412856,-76.48609276,468,Crabapple,3,
469,42.47406354,-76.48610188,469,Viburnum,4,
470,42.47403635,-76.48606421,470,Common Lilac,3,
471,42.47397564,-76.48605018,471,Gray Birch,4,
472,42.47395279,-76.48599102,472,White Fir,5,
473,42.47390231,-76.4861269,473,Viburnum,4,
474,42.47393178,-76.4862168,474,White Spruce,4,
475,42.47394099,-76.48625924,475,Hawthorn,3,Cockspur
476,42.4739712,-76.48629298,476,Lilac,5,
477,42.47403359,-76.48629913,477,Japanese Red Maple,4,
478,42.47410733,-76.48636988,478,Hawthorn,5,Cockspur
479,42.47424686,-76.48624684,479,Crabapple,4,
480,42.47423665,-76.48631143,480,Crabapple,5,
481,42.47427426,-76.48652891,481,Crabapple,2,
482,42.47425676,-76.48658001,482,Ninebark,3,Bush
483,42.4742433,-76.48662016,483,Crabapple,1,
484,42.47413342,-76.48658674,484,Hawthorn,5,Cockspur
485,42.47403466,-76.48652344,485,Japanese Red Maple,5,
486,42.47400637,-76.48644678,486,Hawthorn,5,Cockspur
487,42.47393438,-76.48639539,487,Dogwood,5,Roughwood
488,42.47386775,-76.48635372,488,Crabapple,3,
489,42.47370461,-76.48637449,489,Norway Spruce,4,
490,42.47380671,-76.48660212,490,Crabapple,3,
491,42.47383847,-76.48667902,491,Hawthorn,5,Cockspur
492,42.47395078,-76.48665442,492,Apple,5,
493,42.47408805,-76.48669902,493,Crabapple,3,
494,42.4740075,-76.48684206,494,Redbud,5,
495,42.47420292,-76.48684828,495,Mulberry,4,
496,42.47422042,-76.48686836,496,Japanese Red Maple,5,
497,42.47432406,-76.48693953,497,Juniper,3,
498,42.47450778,-76.48673901,498,Seven Son's Tree,2,
499,42.47467681,-76.48686205,499,Plum,4,Cherry. Need to check this tree
500,42.47472672,-76.4868113,500,Hawthorn,5,Cockspur
501,42.47472054,-76.48672999,501,Crabapple,3,
502,42.47469723,-76.48667287,502,Plum,3,Cherry. Need to check this tree
503,42.47474828,-76.48662981,503,Japanese Lilac Tree,5,
504,42.47477664,-76.48650369,504,Hawthorn,5,Cockspur
505,42.47481861,-76.48644832,505,Hawthorn,5,Cockspur
506,42.4748447,-76.48631759,506,Cornelian Cherry,4,
507,42.47488214,-76.48625145,507,Cornelian Cherry,4,
508,42.47492638,-76.48615148,508,Cornelian Cherry,5,
509,42.4750852,-76.48628375,509,Red Maple,5,
510,42.47505568,-76.48633603,510,White Pine,5,
511,42.47503188,-76.48646216,511,Plum,2,Cherry. Need to check this tree. Also diseased
512,42.4749434,-76.48663288,512,Serviceberry,2,
513,42.47493319,-76.48675746,513,Magnolia,5,Star
514,42.4748776,-76.48690973,514,Red Maple,4,
515,42.47487193,-76.48716043,515,Crabapple,3,
516,42.47485378,-76.48722503,516,Crabapple,3,
517,42.47487874,-76.48740498,517,Crabapple,4,Sprayed
518,42.47486285,-76.48756339,518,Cornelian Cherry,4,
519,42.4748776,-76.48767106,519,Cherry Plum,5,
520,42.47487385,-76.48769675,520,Dogwood,0,
521,42.47495928,-76.48787561,521,Plum,4,Cherry. Need to check this tree
522,42.47486626,-76.48793406,522,Hawthorn,3,Cockspur
523,42.47497743,-76.48801865,523,American Sycamore,3,
524,42.47498537,-76.48811862,524,Japanese Lilac Tree,4,
525,42.47488441,-76.48829088,525,Redbud,5,
526,42.47497516,-76.48830934,526,Japanese Lilac Tree,4,
527,42.47492298,-76.48839239,527,Crabapple,3,
528,42.47492611,-76.48842592,528,Japanese Cherry,2,
529,42.47484017,-76.48839239,529,Japanese Cherry,2,
530,42.47482088,-76.48847698,530,Burning Bush,1,
531,42.47486285,-76.48861695,531,Red Maple,4,
532,42.47485491,-76.48868462,532,Amur Maple,5,
533,42.47483336,-76.48883227,533,Bradford Pear,5,
534,42.47488668,-76.48892455,534,Bradford Pear,3,
535,42.47457244,-76.48894608,535,Japanese Cherry,4,
536,42.47453954,-76.48893839,536,Cornelian Cherry,5,
537,42.47454522,-76.48901683,537,Japanese Cherry,4,
538,42.47447602,-76.48904759,538,Cornelian Cherry,4,
539,42.47426502,-76.48889225,539,Crabapple,5,
540,42.47410052,-76.48877536,540,Crabapple,4,
541,42.47402964,-76.48893756,541,Northern Red Oak,5,
542,42.47396893,-76.48893532,542,Honey Locust,5,
543,42.47386343,-76.48888302,543,Littleleaf Linden,5,
544,42.47380183,-76.48877021,544,Norway Spruce,5,Cluster
545,42.47380417,-76.48872577,545,Crabapple,5,Siberian
546,42.47382407,-76.48867975,546,Arborvitae,5,
547,42.47377154,-76.48870615,547,Crabapple,5,
548,42.47374772,-76.48875253,548,Cypress,5,Sawara
549,42.47374577,-76.48878642,549,Redbud,3,
550,42.47370347,-76.48886764,550,Red Cedar,5,
551,42.47356848,-76.48875229,551,Japanese Lilac Tree,5,
552,42.4734902,-76.48865693,552,Japanese Lilac Tree,4,
553,42.47363087,-76.48862925,553,Bradford Pear,5,
554,42.47365015,-76.48857542,554,Bradford Pear,5,
555,42.4737549,-76.48850177,555,Japanese Lilac Tree,3,
556,42.47377835,-76.48853389,556,Viburnum,5,Japanese Snowball picatum
557,42.47383241,-76.48856815,557,Common Lilac,3,
558,42.47385119,-76.48858722,558,Common Boxwood,4,
559,42.47391145,-76.4884987,559,Viburnum,5,Japanese Snowball picatum
560,42.47395747,-76.48855305,560,Serviceberry,4,Downy
561,42.47394983,-76.48864901,561,Japenese Cherry,5,
562,42.47408124,-76.48859234,562,White Pine,3,
563,42.47417836,-76.48856644,563,Japanese Weeping Cherry,3,
564,42.47412981,-76.48851893,564,Quaking Aspen,5,
565,42.47414427,-76.48849638,565,Serviceberry,3,
566,42.47415637,-76.4884934,566,Serviceberry,3,
567,42.47416736,-76.48848148,567,Serviceberry,3,
568,42.47417946,-76.48847626,568,Serviceberry,3,
569,42.47423665,-76.48849698,569,Norway Spruce,4,
570,42.4742809,-76.48848006,570,Norway Spruce,3,
571,42.47438526,-76.48844622,571,White Pine,3,
572,42.47433762,-76.48850928,572,White Pine,3,
573,42.47435123,-76.48857388,573,Norway Maple,4,
574,42.47437926,-76.48860622,574,Japanese Red Maple,5,
575,42.47440382,-76.48862647,575,Norway Spruce,4,
576,42.47437685,-76.48863495,576,Blue Spruce,5,
577,42.47438504,-76.48866042,577,White Spruce,5,
578,42.47439178,-76.48870809,578,Japanese Cherry,2,
579,42.47442951,-76.48874153,579,Norway Spruce,5,
580,42.47444539,-76.4886554,580,Ninebark,5,Bush
581,42.47453813,-76.48863822,581,Fern Leaf Buckthorn,5,
582,42.47453408,-76.48866204,582,White Spruce,5,
583,42.47460321,-76.48873292,583,Burning Bush,5,
584,42.47460648,-76.48876921,584,Magnolia,5,
585,42.47462331,-76.48874018,585,Blue Spruce,5,
586,42.47463402,-76.48868932,586,Japanese Lilac Tree,5,
587,42.47459249,-76.4884895,587,Cypress,5,Sawara
588,42.47461669,-76.48847083,588,Cornelian Cherry,5,
589,42.47466887,-76.48833241,589,Cornelian Cherry,4,
590,42.47468021,-76.48826166,590,Cornelian Cherry,5,
591,42.47464618,-76.48805403,591,White Pine,5,
592,42.47472332,-76.48803557,592,Japanese Lilac Tree,5,
593,42.47470404,-76.48791099,593,Dogwood,3,Flowering
594,42.47467454,-76.48776026,594,Hawthorn,2,Cockspur
595,42.47463,-76.48773201,595,Redbud,4,
596,42.47462197,-76.4876648,596,Japanese Red Maple,4,
597,42.47448021,-76.48764032,597,Japanese Red Maple,4,
598,42.47448559,-76.48768412,598,Blue Spruce,5,
599,42.47449097,-76.48772427,599,Blue Spruce,5,
600,42.47447213,-76.48772609,600,Blue Spruce,5,
601,42.47444896,-76.48772958,601,Hawthorn,2,Black
602,42.47447213,-76.48783012,602,Norway Maple,4,
603,42.47447566,-76.4878932,603,Cornelian Cherry,5,
604,42.47449417,-76.48791099,604,Littleleaf Linden,5,
605,42.47453274,-76.48791253,605,Redbud,3,
606,42.47452987,-76.48801821,606,Redbud,4,Red leaves
607,42.4743864,-76.48798481,607,Bradford Pear,3,
608,42.47433762,-76.48792637,608,White Pine,4,
609,42.47420829,-76.48785101,609,Amur Maple,5,
610,42.47414061,-76.48794736,610,Viburnum,5,Japanese Snowball picatum
611,42.47413869,-76.48801788,611,Cypress,4,Lawson's
612,42.47425356,-76.48811975,612,White Spruce,4,
613,42.47424778,-76.48814783,613,White Spruce,5,
614,42.47432628,-76.48812106,614,White Pine,3,
615,42.47443404,-76.48809401,615,Bradford Pear,5,
616,42.474459,-76.4881663,616,White Pine,3,
617,42.47443972,-76.48824628,617,Bradford Pear,5,
618,42.47439434,-76.48820783,618,Bradford Pear,4,
619,42.47432287,-76.48820937,619,Redbud,3,
620,42.47426929,-76.48826672,620,White Pine,3,
621,42.47427667,-76.48831042,621,White Pine,4,
622,42.47424006,-76.48837086,622,White Pine,4,
623,42.47403177,-76.48821378,623,Viburnum,5,Japanese Snowball picatum
624,42.47401539,-76.48824512,624,Japanese Red Maple,5,
625,42.47400768,-76.48826602,625,Common Lilac,3,
626,42.4740019,-76.4882843,626,Redbud,4,
627,42.47376587,-76.48831857,627,Crabapple,4,
628,42.4737307,-76.48830165,628,Crabapple,4,
629,42.47371375,-76.4882815,629,Crabapple,5,
630,42.47369806,-76.48825414,630,Crabapple,4,
631,42.47356669,-76.4883898,631,Dogwood,4,Kousa
632,42.47350971,-76.48830886,632,Common Lilac,4,Cluster
633,42.47339831,-76.48833087,633,Ninebark,5,Bush
634,42.47339718,-76.48824628,634,Crabapple,4,
635,42.47335066,-76.48818322,635,Bayberry,4,
636,42.47328487,-76.48815092,636,Crabapple,5,
637,42.47319525,-76.48809863,637,Hawthorn,5,Cockspur
638,42.47309768,-76.48801865,638,Hawthorn,5,Cockspur
639,42.4730092,-76.48798789,639,Red Pine,3,
640,42.47306275,-76.48808069,640,White Spruce,5,
641,42.47302621,-76.48807863,641,Red Pine,4,
642,42.47299218,-76.48815707,642,Red Pine,1,
643,42.47306025,-76.48826474,643,Red Maple,5,
644,42.47309428,-76.48829396,644,Red Maple,5,
645,42.47322361,-76.48837855,645,Honey Locust,5,
646,42.47327466,-76.48840777,646,Magnolia,4,Star
647,42.47337335,-76.48840777,647,Bradford Pear,5,
648,42.4733223,-76.48845853,648,Norway Spruce,5,
649,42.47335658,-76.48853307,649,Blue Spruce,5,
650,42.473286,-76.48850928,650,Norway Spruce,5,
651,42.47325465,-76.48852586,651,Japanese Lilac Tree,5,
652,42.47327466,-76.48870769,652,Crabapple,4,
653,42.4731789,-76.48871599,653,Ash,5,White
654,42.47324856,-76.48877075,654,Hawthorn,4,Cockspur
655,42.47326558,-76.4888415,655,Crabapple,3,
656,42.47328513,-76.48887786,656,Arborvitae,5,
657,42.47329727,-76.48889431,657,Blue Spruce,5,
658,42.47330558,-76.48890731,658,Blue Spruce,5,
659,42.47341986,-76.48882612,659,Seven Son's Tree,5,
660,42.47353104,-76.48886918,660,Dogwood,2,
661,42.47349247,-76.48895531,661,River Birch,5,
662,42.47353144,-76.48896223,662,Blue Spruce,2,
663,42.47351062,-76.48901991,663,Crabapple,4,Siberian
664,42.47352441,-76.4890146,664,Blue Spruce,5,
665,42.47353963,-76.48902571,665,Japanese Red Maple,3,
666,42.47355269,-76.48903831,666,Redbud,4,
667,42.47348988,-76.48907672,667,Arborvitae,4,
668,42.4735091,-76.48909045,668,Arborvitae,4,
669,42.47354579,-76.48915064,669,White Spruce,5,
670,42.47358191,-76.48910227,670,Redbud,5,
671,42.47356909,-76.48905917,671,Japanese Maple,5,Green
672,42.47357986,-76.48906056,672,Cypress,3,Sawara
673,42.47359678,-76.48903414,673,River Birch,5,
674,42.47364335,-76.48903837,674,River Birch,5,
675,42.47362909,-76.48906334,675,Black Gum,5,
676,42.47362293,-76.4891245,676,Eastern White Pine,4,
677,42.47371936,-76.48917064,677,Bradford Pear,4,
678,42.47387364,-76.48923523,678,Bradford Pear,5,
679,42.474113,-76.4890599,679,Red Maple,5,
680,42.47420047,-76.48912719,680,Catalpa,5,
681,42.47420829,-76.48920291,681,American Sycamore,4,
682,42.47436711,-76.48932752,682,Crabapple,3,Siberian
683,42.47440341,-76.48930137,683,Crabapple,3,Southern
684,42.47437711,-76.48919173,684,White Spruce,5,
685,42.4744692,-76.48913064,685,White Spruce,5,Cluster of 3
686,42.47448508,-76.48915621,686,Cypress,4,Sawara
687,42.47449303,-76.48917833,687,Blue Spruce,5,
688,42.47451685,-76.48916429,688,White Spruce,5,
689,42.47453174,-76.48918986,689,Cypress,4,Sawara Cluster of 3.
690,42.47451983,-76.48921274,690,Common Boxwood,5,
691,42.47452253,-76.48929368,691,Blue Spruce,5,
692,42.47454887,-76.48927903,692,White Spruce,5,
693,42.47456078,-76.48928173,693,White Spruce,5,
694,42.47457269,-76.48926625,694,Plum,5,European
695,42.47457865,-76.48928509,695,White Spruce,5,cluster 3
696,42.47459085,-76.48928325,696,Arborvitae,5,
697,42.47460943,-76.48924067,697,White Spruce,5,
698,42.47462531,-76.48925211,698,Burning Bush,5,
699,42.47465063,-76.4892326,699,Cypress,5,Cluster Sawara
700,42.47475735,-76.48931675,700,Red Maple,4,
701,42.47683486,-76.48857004,701,Crabapple,4,Siberian
702,42.476815,-76.48850621,702,Crabapple,4,Siberian
703,42.47674864,-76.4884393,703,Norway Maple,4,
704,42.47668739,-76.48834394,704,Norway Maple,5,
705,42.47667264,-76.48823474,705,Honey locust,4,
706,42.47658288,-76.48824859,706,Norway Maple,5,
707,42.47648206,-76.4880571,707,Crabapple,4,Siberian
708,42.47644123,-76.48797712,708,Crabapple,3,Siberian
709,42.47639401,-76.4880994,709,Silver Maple,3,Red galls
710,42.47635714,-76.48807633,710,Locust,5,
711,42.4763163,-76.48811324,711,Japanese Cherry,5,
712,42.4763821,-76.48817092,712,European Beech,4,
713,42.47629418,-76.48826704,713,Cornelian Cherry,5,
714,42.47626355,-76.48832318,714,Crabapple,2,Siberian
715,42.47625763,-76.48835943,715,Crabapple,5,Siberian
716,42.47628124,-76.48836123,716,Cornelian Cherry,5,
717,42.47645016,-76.48850236,717,Crabapple,3,Siberian
718,42.47652049,-76.48853466,718,Crabapple,3,Siberian
719,42.47646973,-76.48857849,719,Plum,3,Cherry. Need to check this tree
720,42.47636196,-76.48864309,720,Bradford Pear,5,
721,42.47626128,-76.48859003,721,Hawthorn,5,Cockspur
722,42.47624881,-76.48848698,722,Cornelian Cherry,4,
723,42.47613225,-76.48851082,723,Blue Spruce,5,
724,42.47610592,-76.48852784,724,Japanese Weeping Cherry,4,grafted
725,42.47606305,-76.48849698,725,White Spruce,5,
726,42.47605511,-76.488437,726,Gray Birch,4,
727,42.47587814,-76.48837086,727,Silver Maple,5,
728,42.47581462,-76.48837394,728,Hawthorn,5,Cockspur
729,42.47578292,-76.48839233,729,White Fir,5,
730,42.47578059,-76.4884816,730,Viburnum,5,Japanese Snowball picatum
731,42.47574882,-76.48852774,731,Viburnum,5,Japanese Snowball picatum
732,42.47567736,-76.48854927,732,Japanese Red Maple,5,
733,42.4756524,-76.48861387,733,Hawthorn,5,Cockspur
734,42.47555824,-76.48870769,734,Norway Maple,4,
735,42.4756853,-76.48870154,735,Hawthorn,5,Cockspur
736,42.47572566,-76.48868563,736,Mugo Pine,3,
737,42.47577868,-76.48866263,737,Mugo Pine,5,
738,42.47580214,-76.48868154,738,Amur Maple,5,
739,42.47577038,-76.48882458,739,Hawthorn,3,Black. Diseased
740,42.47593373,-76.48881535,740,River Birch,5,
741,42.47595275,-76.48870806,741,Hawthorn,5,
742,42.47607666,-76.48876306,742,Hawthorn,4,Cockspur
743,42.47593827,-76.48899838,743,Blue Spruce,3,
744,42.47598705,-76.48908297,744,Blue Spruce,5,
745,42.4759031,-76.4890922,745,Norway Spruce,5,
746,42.47592465,-76.48918756,746,Hawthorn,3,Cockspur
747,42.47588722,-76.48930445,747,Hawthorn,3,Cockspur
748,42.47589108,-76.48935562,748,River Birch,5,
749,42.4759394,-76.48937673,749,Japanese Lilac Tree,4,
750,42.47583731,-76.48939673,750,River Birch,5,
751,42.47568303,-76.48927522,751,Crabapple,4,Siberian
752,42.47565694,-76.4894198,752,Crabapple,5,Southern
753,42.47563085,-76.48958591,753,Littleleaf Linden,5,
754,42.47579193,-76.48959667,754,Crabapple,4,Siberian
755,42.47585546,-76.48953054,755,River Birch,5,
756,42.47590796,-76.489506,756,Blue Spruce,4,
757,42.47612884,-76.4894967,757,White Pine,5,
758,42.47613111,-76.48943672,758,Crabapple,3,Siberian
759,42.47614473,-76.48928907,759,Crabapple,4,Siberian
760,42.47638635,-76.48913526,760,River Birch,5,
761,42.47634576,-76.48911207,761,American Hornbeam,5,
762,42.47630418,-76.48910016,762,American Hornbeam,5,
763,42.47624308,-76.48911414,763,Blue Spruce,3,
764,42.47622407,-76.48910164,764,Blue Spruce,5,
765,42.47621908,-76.48906721,765,Red Pine,5,
766,42.47625006,-76.48906703,766,American Sycamore,4,some disese
767,42.47624952,-76.48905356,767,Norway Spruce,3,
768,42.47624639,-76.48904309,768,Norway Spruce,3,
769,42.47622119,-76.48902432,769,Arborvitae,5,
770,42.47623098,-76.48901026,770,Arborvitae,5,
771,42.47622695,-76.48899855,771,Arborvitae,5,
772,42.47625659,-76.48899768,772,Japanese Cherry,5,Planted 2023
773,42.47623732,-76.48898293,773,Arborvitae,5,
774,42.47623253,-76.48897346,774,Arborvitae,5,
775,42.47620428,-76.48897223,775,Crabapple,5,Siberian
776,42.47621047,-76.48893024,776,Norway Spruce,5,
777,42.47623917,-76.48894294,777,Sitka Spruce,5,
778,42.47626612,-76.48894934,778,Japanese Red Maple,5,
779,42.47628282,-76.48892982,779,Beech,5,Variegated
780,42.4762564,-76.48886858,780,White Spruce,5,
781,42.47625905,-76.48884774,781,White Spruce,5,
782,42.47626806,-76.48886068,782,Blue Spruce,5,
783,42.47629668,-76.48887587,783,Crabapple,5,Siberian
784,42.47635767,-76.48890417,784,Crabapple,5,Siberian
785,42.4764425,-76.4889243,785,Hawthorn,5,Cockspur
786,42.4764771,-76.48894147,786,Apple,5,
787,42.47657693,-76.48893686,787,Crabapple,4,Siberian
788,42.47664159,-76.48897838,788,Crabapple,4,Siberian
789,42.47676296,-76.48901068,789,Crabapple,5,Siberian
790,42.47684974,-76.48911065,790,Silver Maple,5,
791,42.47679132,-76.48914603,791,Norway Spruce,5,
792,42.47680783,-76.4891743,792,Willow,5,Dappled
793,42.47681798,-76.48920601,793,Bradford Pear,5,
794,42.47673631,-76.48928291,794,Blue Spruce,4,
795,42.47670001,-76.48932136,795,Blue Spruce,4,
796,42.47664953,-76.4893552,796,Norway Spruce,4,
797,42.47663194,-76.4892337,797,White Pine,4,
798,42.47658459,-76.48919172,798,Japanese Cherry,4,
799,42.47655197,-76.48918294,799,Gray Birch,5,
800,42.47653495,-76.48934136,800,American Sycamore,3,Anthracnose
801,42.47643513,-76.48936904,801,American Sycamore,3,Anthracnose
802,42.47636139,-76.48952131,802,Red Spruce,2,Topped
803,42.47630581,-76.48955668,803,Norway Spruce,3,
804,42.47647143,-76.48976124,804,American Sycamore,2,Anthracnose
805,42.47612756,-76.48987285,805,Tulip Tree,4,
806,42.47605651,-76.48987429,806,American Sycamore,2,Disease
807,42.47598758,-76.48987429,807,Tulip Tree,5,
808,42.47590487,-76.48987429,808,American Sycamore,1,Disease
809,42.47582746,-76.48986997,809,American Sycamore,3,
810,42.47573414,-76.48986135,810,American Sycamore,3,
811,42.47560265,-76.48985128,811,American Sycamore,2,Disease
812,42.47537571,-76.48981965,812,American Sycamore,2,Disease
813,42.47542325,-76.48952746,813,Littleleaf Linden,5,
814,42.47529393,-76.48955822,814,White Spruce,3,
815,42.47525788,-76.48952135,815,White Spruce,2,
816,42.47523834,-76.48947055,816,Norway Spruce,5,
817,42.47534158,-76.48944124,817,Cypress,5,Sawara
818,42.47534815,-76.48941231,818,Cypress,5,Sawara
819,42.47520431,-76.48917679,819,Silver Maple,4,
820,42.47545842,-76.48907374,820,Rose of Sharon,5,Bush
821,42.47547657,-76.48890456,821,Crabapple,4,Siberian
822,42.47522133,-76.4888861,822,Sitka Spruce,4,
823,42.47519977,-76.48880459,823,Silver Maple,5,
824,42.4752236,-76.48873999,824,Norway Spruce,4,
825,42.47526557,-76.48866155,825,American Hazelnut,5,
826,42.47533477,-76.4885585,826,River Birch,4,
827,42.47531677,-76.48852885,827,Cornelian Cherry,4,
828,42.47527578,-76.48850005,828,White Pine,5,
829,42.4753164,-76.48836268,829,White Spruce,3,
830,42.47536426,-76.4883401,830,Sugar Maple,5,
831,42.4753572,-76.48827049,831,Arborvitae,5,
832,42.47539602,-76.48818783,832,Sugar Maple,5,
833,42.47540026,-76.48811992,833,Blue Spruce,5,
834,42.47541191,-76.48807402,834,Norway Maple,5,
835,42.47541839,-76.48798164,835,Cherry Plum,3,
836,42.47543233,-76.48794636,836,Crabapple,4,
837,42.47550452,-76.48785258,837,Arborvitae,5,
838,42.47545161,-76.48781409,838,Crabapple,4,
839,42.47546295,-76.48768028,839,Silver Maple,4,
840,42.47551358,-76.48763441,840,White Fir,5,
841,42.47549998,-76.4877604,841,Bradford Pear,5,
842,42.47557024,-76.48781878,842,Crabapple,4,
843,42.47564332,-76.48794021,843,Crabapple,3,Siberian
844,42.47561156,-76.48805249,844,Crabapple,2,Siberian
845,42.47561043,-76.48814169,845,Japanese Cherry,4,
846,42.47555371,-76.48834779,846,Crabapple,3,Siberian
847,42.47579306,-76.48820937,847,Japanese Lilac Tree,5,
848,42.47584752,-76.48809709,848,Norway Maple,4,
849,42.4759444,-76.48819039,849,American Sycamore,4,
850,42.47600349,-76.48815942,850,White Pine,5,
851,42.47599952,-76.48810324,851,Red Maple,5,
852,42.47603742,-76.48811629,852,Gray Birch,2,
853,42.47611863,-76.48825089,853,Dogwood,5,Kousa
854,42.47612649,-76.48807315,854,White Spruce,5,
855,42.47616679,-76.48790925,855,Crabapple,3,Southern
856,42.47605171,-76.48785716,856,Crabapple,2,Southern
857,42.47601654,-76.48783562,857,Blue Spruce,5,
858,42.47573634,-76.48774027,858,Japanese Lilac Tree,5,
859,42.4756558,-76.48770643,859,Norway Maple,5,
860,42.47568983,-76.48758646,860,Hawthorn,4,Black
861,42.4757284,-76.48738806,861,Crabapple,4,Siberian
862,42.47551514,-76.48737422,862,Norway Spruce,4,
863,42.47552648,-76.48724963,863,Douglas Fir,3,
864,42.47554765,-76.48716235,864,Crabapple,1,Siberian
865,42.47557186,-76.48714812,865,Crabapple,3,
866,42.47558434,-76.48708199,866,Japanese Cherry,4,
867,42.47555711,-76.487042,867,Crabapple,2,
868,42.4755503,-76.48696048,868,Crabapple,2,
869,42.47559224,-76.4868329,869,Crabapple,3,
870,42.47563652,-76.48665749,870,Silver Maple,5,
871,42.47582029,-76.48664211,871,Cornelian Cherry,5,
872,42.47582936,-76.486779,872,Crabapple,4,Siberian
873,42.47580554,-76.48692972,873,Japanese Cherry,4,
874,42.47578285,-76.48706353,874,Japanese Cherry,3,
875,42.47593486,-76.48681437,875,Japanese Red Maple,4,
876,42.47598931,-76.48685282,876,Crabapple,5,Southern
877,42.47607553,-76.48691896,877,Ash,2,Green
878,42.47620199,-76.48699188,878,Honey Locust,5,
879,42.4762673,-76.48690574,879,Japanese Red Maple,5,
880,42.47632963,-76.48704661,880,River Birch,5,
881,42.47618455,-76.48713879,881,Honey Locust,5,
882,42.47628508,-76.48726169,882,Red Pine,5,
883,42.47632026,-76.48726453,883,Burning Bush,4,
884,42.47632026,-76.48728143,884,Eastern Red Cedar,2,
885,42.47636208,-76.48730753,885,Red Pine,3,
886,42.47637274,-76.48731116,886,White Spruce,3,
887,42.47638399,-76.48731177,887,Red Pine,4,
888,42.47646944,-76.48738344,888,Norway Spruce,5,
889,42.47635353,-76.48761874,889,Vanhouttei Spirea,5,
890,42.47636022,-76.48764746,890,Vanhouttei Spirea,5,
891,42.47640138,-76.48770874,891,Pin Oak,5,
892,42.47661011,-76.48776334,892,Hawthorn,5,Black
893,42.47666569,-76.48775257,893,Hawthorn,5,Black
894,42.47661072,-76.48794579,894,Box Elder,5,
895,42.4766959,-76.48797048,895,Bradford Pear,5,
896,42.47691639,-76.48786177,896,Crabapple,5,Siberian
897,42.4768608,-76.48781179,897,Crabapple,4,Southern
898,42.47680634,-76.48754992,898,River Birch,5,
899,42.47676405,-76.48752921,899,River Birch,5,
900,42.47677573,-76.48750187,900,River Birch,5,
901,42.47675347,-76.48748301,901,Silver Maple,4,Red galls
902,42.47664185,-76.48739062,902,River Birch,5,
903,42.47668532,-76.48736513,903,Redbud,5,
904,42.47665974,-76.48734653,904,River Birch,5,
905,42.47667005,-76.487303,905,Redbud,5,
906,42.47662658,-76.48734761,906,River Birch,5,
907,42.4764978,-76.48734961,907,Norway Spruce,5,
908,42.47649553,-76.4872927,908,Norway Spruce,5,
909,42.47651142,-76.4872481,909,Norway Spruce,5,
910,42.47650461,-76.4871958,910,Norway Spruce,5,
911,42.47652163,-76.48714659,911,Norway Spruce,5,
912,42.47652389,-76.48706507,912,Japanese Lilac Tree,5,
913,42.47652954,-76.48698781,913,Crabapple,4,
914,42.47663932,-76.48698048,914,Redbud,0,
915,42.47665747,-76.48693895,915,Redbud,5,
916,42.47666881,-76.4868682,916,Redbud,5,
917,42.47653495,-76.48690973,917,Eastern White Pine,5,
918,42.47655534,-76.48687786,918,White Fir,5,
919,42.47655542,-76.4868582,919,White Fir,5,
920,42.47653604,-76.48681879,920,Red Pine,3,
921,42.47656445,-76.48678669,921,Hemlock,4,Canada
922,42.47641377,-76.48668596,922,White Fir,5,
923,42.47637621,-76.48667716,923,White Fir,5,
924,42.47635145,-76.48663763,924,White Fir,5,
925,42.47632216,-76.48664445,925,White Fir,5,
926,42.47627773,-76.48662753,926,Scott's Pine,4,
927,42.47609854,-76.4866196,927,Eastern White Pine,2,
928,42.47601549,-76.48654069,928,Blue Spruce,4,
929,42.47600112,-76.48649275,929,Eastern White Pine,3,
930,42.47596661,-76.48651398,930,White Spruce,4,
931,42.47589176,-76.48646985,931,Redbud,5,
932,42.47583805,-76.48646905,932,Common Lilac,4,
933,42.47576389,-76.48650042,933,Silver Maple,5,
934,42.47568364,-76.48643091,934,Littleleaf Linden,4,
935,42.47577691,-76.48633265,935,Red Pine,2,
936,42.47585272,-76.48604847,936,Cornelian Cherry,4,
937,42.47590197,-76.48613764,937,Juniper,3,Ashe
938,42.47588608,-76.48618685,938,Common Lilac,4,Cluster
939,42.47589522,-76.48630292,939,White Spruce,5,
940,42.47592193,-76.48636044,940,White Spruce,5,
941,42.47596536,-76.4864253,941,White Spruce,5,
942,42.47602931,-76.48644861,942,Eastern White Pine,3,
943,42.47601677,-76.48646763,943,Red Pine,4,
944,42.47602584,-76.48648265,944,Eastern White Pine,2,
945,42.47605509,-76.48647471,945,Eastern White Pine,3,
946,42.47608471,-76.48648527,946,Eastern White Pine,5,
947,42.4760796,-76.48652172,947,Eastern White Pine,2,
948,42.47612382,-76.48653986,948,White Spruce,3,
949,42.47613452,-76.48655906,949,White Spruce,4,
950,42.47617295,-76.48655411,950,Norway Spruce,5,
951,42.47625816,-76.48644986,951,Norway Spruce,5,
952,42.47628879,-76.48646678,952,Norway Spruce,5,
953,42.47631122,-76.48648027,953,Norway Spruce,4,
954,42.47632169,-76.48652215,954,Norway Spruce,5,
955,42.47642946,-76.48650369,955,Red Pine,5,
956,42.4764737,-76.48648369,956,Red Pine,4,
957,42.47653155,-76.48653445,957,Hawthorn,5,Cockspur
958,42.4765634,-76.4865707,958,Hawthorn,5,Cockspur
959,42.47672326,-76.48652522,959,Red Pine,3,
960,42.47678111,-76.48654522,960,Sugar Maple,5,
961,42.47669717,-76.48637142,961,Red Pine,5,
962,42.47667675,-76.48607458,962,Honey Locust,5,
963,42.47658487,-76.48605766,963,Honey Locust,4,
964,42.47666201,-76.48595615,964,Honey Locust,5,
965,42.47656218,-76.48593154,965,Honey Locust,5,
966,42.47639202,-76.48579773,966,Bradford Pear,4,
967,42.47634892,-76.48572698,967,Bradford Pear,4,
968,42.47636593,-76.48565931,968,Crabapple,2,
969,42.47625022,-76.48572083,969,Contorta Locust,2,Contorta
970,42.47620712,-76.48573467,970,Contorta Locust,2,Contorta
971,42.47617989,-76.485647,971,Contorta Locust,2,Contorta
972,42.47633035,-76.48557592,972,Japanese Weeping Cherry,3,
973,42.47648164,-76.48540553,973,River Birch,5,
974,42.47652701,-76.48526711,974,River Birch,5,
975,42.47629446,-76.48525173,975,Redbud,4,
976,42.47609368,-76.48517021,976,River Birch,5,
977,42.47611863,-76.48515176,977,River Birch,5,
978,42.47612204,-76.48508716,978,River Birch,5,
979,42.47615607,-76.48513023,979,River Birch,5,
980,42.47631942,-76.48506409,980,River Birch,5,
981,42.47682876,-76.48506717,981,Magnolia,5,
982,42.47685598,-76.48531018,982,Honey Locust,5,
983,42.47688775,-76.485404,983,American Sycamore,5,
984,42.47673169,-76.48541481,984,Fringe Tree,5,
985,42.47673914,-76.4854932,985,Hemlock,2,
986,42.47689001,-76.48595615,986,Honey Locust,5,
987,42.47690022,-76.48606996,987,Honey Locust,5,
988,42.47688661,-76.48634373,988,Red Pine,4,
989,42.47699211,-76.48633143,989,Red Pine,4,
990,42.47706017,-76.48655444,990,Honey Locust,5,
991,42.4771963,-76.48697433,991,Hawthorn,5,Cockspur Sprayed
992,42.47718722,-76.48705892,992,Hawthorn,4,Cockspur Sprayed
993,42.47701834,-76.48735319,993,River Birch,4,
994,42.47698258,-76.4873954,994,Silver Maple,5,
995,42.47701237,-76.4874309,995,River Birch,5,
996,42.47704344,-76.48740651,996,River Birch,5,
997,42.47733129,-76.48761415,997,Red Pine,3,
998,42.4771149,-76.48784639,998,Hawthorn,5,
999,42.47702529,-76.48791253,999,Red Pine,3,
1000,42.47704573,-76.48809533,1000,Cypress,4,Sawara
1001,42.47708172,-76.488154,1001,Red Pine,5,
1002,42.4770908,-76.48825551,1002,Red Pine,4,
1003,42.47698559,-76.48820629,1003,White Spruce,5,
1004,42.47693412,-76.48820365,1004,White Spruce,5,
1005,42.47689895,-76.48826704,1005,Eastern White Pine,4,
1006,42.47685187,-76.48837701,1006,Norway Spruce,4,
1007,42.47685924,-76.48845545,1007,Crabapple,4,Siberian Scab
1008,42.47708626,-76.48851236,1008,Northern Red Oak,4,
1009,42.47706244,-76.48862617,1009,Northern Red Oak,3,
1010,42.4771816,-76.48875141,1010,Tulip Tree,5,
1011,42.47717206,-76.48881755,1011,Sweet Gum,0,
1012,42.47715933,-76.48889375,1012,Tulip Tree,3,
1013,42.47714131,-76.48898576,1013,Sweet Gum,0,
1014,42.47695467,-76.48891994,1014,Dogwood,3,Rough Leaf
1015,42.47689228,-76.48875229,1015,Crabapple,2,Scab
